department,college
Anthropology,College of Arts and Sciences
Art and Art History,College of Arts and Sciences
Biology,College of Arts and Sciences
Chemistry,College of Arts and Sciences
Economics,College of Arts and Sciences
Environmental Studies,College of Arts and Sciences
English,College of Arts and Sciences
Film and Television Studies,College of Arts and Sciences
"Gender, Sexuality and Women's Studies",College of Arts and Sciences
Geography and Geosciences,College of Arts and Sciences
Global and Regional Studies,College of Arts and Sciences
Health and Society,College of Arts and Sciences
Historic Preservation,College of Arts and Sciences
History,College of Arts and Sciences
Holocaust Studies,College of Arts and Sciences
Music,College of Arts and Sciences
Neuroscience,College of Arts and Sciences
Philosophy,College of Arts and Sciences
Political Science,College of Arts and Sciences
Psychological Science,College of Arts and Sciences
Religion,College of Arts and Sciences
Sociology,College of Arts and Sciences
Theatre and Dance,College of Arts and Sciences
East Asian Languages and Literatures,School of World Languages and Cultures
"German, Russian, and Hebrew",School of World Languages and Cultures
French and Italian,School of World Languages and Cultures
Linguistics,School of World Languages and Cultures
Spanish,School of World Languages and Cultures
Classics,School of World Languages and Cultures
Animal and Veterinary Sciences,College of Agriculture and Life Sciences
Community Development and Applied Economics,College of Agriculture and Life Sciences
Microbiology and Molecular Genetics,College of Agriculture and Life Sciences
Nutrition and Food Sciences,College of Agriculture and Life Sciences
Plant Biology,College of Agriculture and Life Sciences
"Agriculture, Landscape, and Environment",College of Agriculture and Life Sciences
Biochemistry,College of Agriculture and Life Sciences
Food Systems,College of Agriculture and Life Sciences
Education,College of Education and Social Services
"Counseling, Human Development and Family Science",College of Education and Social Services
Social Work,College of Education and Social Services
Special Education,College of Education and Social Services
Civil and Environmental Engineering,College of Engineering and Mathematical Sciences
Computer Science,College of Engineering and Mathematical Sciences
Mechanical Engineering,College of Engineering and Mathematical Sciences
Biomedical Engineering,College of Engineering and Mathematical Sciences
Physics,College of Engineering and Mathematical Sciences
Biostatistics,College of Engineering and Mathematical Sciences
Complex Systems and Data Science,College of Engineering and Mathematical Sciences
Electrical Engineering,College of Engineering and Mathematical Sciences
Electrical and Biomedical Engineering,College of Engineering and Mathematical Sciences
Engineering Management,College of Engineering and Mathematical Sciences
Mathematics and Statistics,College of Engineering and Mathematical Sciences
Grossman School of Business,Grossman School of Business
Rubenstein School of Environment and Natural Resources,Rubenstein School of Environment and Natural Resources
Communication Sciences and Disorders,College of Nursing and Health Sciences
Rehabilitation and Movement Science,College of Nursing and Health Sciences
Orthopaedics and Rehabilitation,College of Nursing and Health Sciences
Nursing,College of Nursing and Health Sciences
Biomedical and Health Sciences,College of Nursing and Health Sciences
Medicine,Larner College of Medicine
Anesthesiology,Larner College of Medicine
Molecular Physiology and Biophysics,Larner College of Medicine
Neurological Sciences,Larner College of Medicine
"Obstetrics, Gynecology and Reproductive Sciences",Larner College of Medicine
Family Medicine,Larner College of Medicine
Pathology and Laboratory Medicine,Larner College of Medicine
Emergency Medicine,Larner College of Medicine
Surgery,Larner College of Medicine
Psychiatry,Larner College of Medicine
Pharmacology,Larner College of Medicine
Radiology,Larner College of Medicine
Pediatrics,Larner College of Medicine
